title,release_year,duration,calification,cast
Sueño de fuga,1994,142,9.3,"['Tim Robbins', 'Morgan Freeman', 'Bob Gunton', 'William Sadler']"
El padrino,1972,175,9.2,"['Marlon Brando', 'Al Pacino', 'James Caan', 'Diane Keaton']"
Batman: El caballero de la noche,2008,152,9,"['Christian Bale', 'Heath Ledger', 'Aaron Eckhart', 'Michael Caine']"
El padrino (parte II),1974,202,9,"['Al Pacino', 'Robert De Niro', 'Robert Duvall', 'Diane Keaton']"
12 hombres en pugna,1957,96,9,"['Henry Fonda', 'Lee J. Cobb', 'Martin Balsam', 'John Fiedler']"
El señor de los anillos: El retorno del rey,2003,201,9,"['Elijah Wood', 'Viggo Mortensen', 'Ian McKellen', 'Orlando Bloom']"
La Lista de Schindler,1993,195,9,"['Liam Neeson', 'Ralph Fiennes', 'Ben Kingsley', 'Caroline Goodall']"
Tiempos violentos,1994,154,8.8,"['John Travolta', 'Uma Thurman', 'Samuel L. Jackson', 'Bruce Willis']"
El señor de los anillos: La comunidad del anillo,2001,178,8.9,"['Elijah Wood', 'Ian McKellen', 'Orlando Bloom', 'Sean Bean']"
"El bueno, el malo y el feo",1966,161,8.8,"['Clint Eastwood', 'Eli Wallach', 'Lee Van Cleef', 'Aldo Giuffrè']"
Forrest Gump,1994,142,8.8,"['Tom Hanks', 'Robin Wright', 'Gary Sinise', 'Sally Field']"
El señor de los anillos: Las dos torres,2002,179,8.8,"['Elijah Wood', 'Ian McKellen', 'Viggo Mortensen', 'Orlando Bloom']"
El club de la pelea,1999,139,8.8,"['Brad Pitt', 'Edward Norton', 'Meat Loaf', 'Zach Grenier']"
El origen,2010,148,8.8,"['Leonardo DiCaprio', 'Joseph Gordon-Levitt', 'Elliot Page', 'Ken Watanabe']"
El imperio contraataca,1980,124,8.7,"['Mark Hamill', 'Harrison Ford', 'Carrie Fisher', 'Billy Dee Williams']"
Matrix,1999,136,8.7,"['Keanu Reeves', 'Laurence Fishburne', 'Carrie-Anne Moss', 'Hugo Weaving']"
Buenos muchachos,1990,145,8.7,"['Robert De Niro', 'Ray Liotta', 'Joe Pesci', 'Lorraine Bracco']"
Interestelar,2014,169,8.7,"['Matthew McConaughey', 'Anne Hathaway', 'Jessica Chastain', 'Mackenzie Foy']"
Atrapado sin salida,1975,133,8.7,"['Jack Nicholson', 'Louise Fletcher', 'Michael Berryman', 'Peter Brocco']"
Seven,1995,127,8.6,"['Morgan Freeman', 'Brad Pitt', 'Kevin Spacey', 'Andrew Kevin Walker']"
¡Qué bello es vivir!,1946,130,8.6,"['James Stewart', 'Donna Reed', 'Lionel Barrymore', 'Thomas Mitchell']"
El silencio de los inocentes,1991,118,8.6,"['Jodie Foster', 'Anthony Hopkins', 'Scott Glenn', 'Ted Levine']"
Los siete samuráis,1954,207,8.6,"['Toshirô Mifune', 'Takashi Shimura', 'Keiko Tsushima', 'Yukiko Shimazaki']"
Rescatando al soldado Ryan,1998,169,8.6,"['Tom Hanks', 'Matt Damon', 'Tom Sizemore', 'Edward Burns']"
Milagros inesperados,1999,189,8.6,"['Tom Hanks', 'Michael Clarke Duncan', 'David Morse', 'Bonnie Hunt']"
Ciudad de Dios,2002,130,8.6,"['Alexandre Rodrigues', 'Leandro Firmino', 'Matheus Nachtergaele', 'Phellipe Haagensen']"
La vida es bella,1997,116,8.6,"['Roberto Benigni', 'Nicoletta Braschi', 'Giorgio Cantarini', 'Giustino Durano']"
Terminator 2: Juicio final,1991,137,8.6,"['Arnold Schwarzenegger', 'Linda Hamilton', 'Edward Furlong', 'Robert Patrick']"
La guerra de las galaxias,1977,121,8.6,"['Mark Hamill', 'Harrison Ford', 'Carrie Fisher', 'Alec Guinness']"
Volver al futuro,1985,116,8.5,"['Michael J. Fox', 'Christopher Lloyd', 'Lea Thompson', 'Crispin Glover']"
El viaje de Chihiro,2001,124,8.6,"['Daveigh Chase', 'Suzanne Pleshette', 'Miyu Irino', 'Rumi Hiiragi']"
El pianista,2002,150,8.5,"['Adrien Brody', 'Thomas Kretschmann', 'Frank Finlay', 'Emilia Fox']"
Gladiador,2000,155,8.5,"['Russell Crowe', 'Joaquin Phoenix', 'Connie Nielsen', 'Oliver Reed']"
Parásitos,2019,132,8.5,"['Song Kang-ho', 'Lee Sun-kyun', 'Cho Yeo-jeong', 'Choi Woo-sik']"
Psicosis,1960,109,8.5,"['Anthony Perkins', 'Janet Leigh', 'Vera Miles', 'John Gavin']"
El rey león,1994,88,8.5,"['Matthew Broderick', 'Jeremy Irons', 'James Earl Jones', 'Whoopi Goldberg']"
La tumba de las luciérnagas,1988,88,8.5,"['Tsutomu Tatsumi', 'Ayano Shiraishi', 'Akemi Yamaguchi', 'Yoshiko Shinohara']"
Los infiltrados,2006,151,8.5,"['Leonardo DiCaprio', 'Matt Damon', 'Jack Nicholson', 'Mark Wahlberg']"
Whiplash. Música y obsesión,2014,106,8.5,"['Miles Teller', 'J.K. Simmons', 'Melissa Benoist', 'Paul Reiser']"
Harakiri,1962,133,8.6,"['Tatsuya Nakadai', 'Akira Ishihama', 'Shima Iwashita', 'Tetsurô Tanba']"
El gran truco,2006,130,8.5,"['Christian Bale', 'Hugh Jackman', 'Scarlett Johansson', 'Michael Caine']"
Historia americana X,1998,119,8.5,"['Edward Norton', 'Edward Furlong', ""Beverly D'Angelo"", 'Jennifer Lien']"
El perfecto asesino,1994,110,8.5,"['Jean Reno', 'Gary Oldman', 'Natalie Portman', 'Danny Aiello']"
Spider-Man: A Través Del Spider-Verso,2023,140,8.5,"['Shameik Moore', 'Hailee Steinfeld', 'Brian Tyree Henry', 'Luna Lauren Velez']"
Casablanca,1942,102,8.5,"['Humphrey Bogart', 'Ingrid Bergman', 'Paul Henreid', 'Claude Rains']"
Sospechosos comunes,1995,106,8.5,"['Kevin Spacey', 'Gabriel Byrne', 'Chazz Palminteri', 'Stephen Baldwin']"
Cinema Paradiso,1988,174,8.5,"['Philippe Noiret', 'Enzo Cannavale', 'Antonella Attili', 'Isa Danieli']"
Amigos,2011,112,8.5,"['François Cluzet', 'Omar Sy', 'Anne Le Ny', 'Audrey Fleurot']"
"Alien, el octavo pasajero",1979,117,8.5,"['Sigourney Weaver', 'Tom Skerritt', 'John Hurt', 'Veronica Cartwright']"
Tiempos modernos,1936,87,8.5,"['Charles Chaplin', 'Paulette Goddard', 'Henry Bergman', 'Tiny Sandford']"
La ventana indiscreta,1954,112,8.5,"['James Stewart', 'Grace Kelly', 'Wendell Corey', 'Thelma Ritter']"
Érase una vez en el oeste,1968,166,8.5,"['Henry Fonda', 'Charles Bronson', 'Claudia Cardinale', 'Jason Robards']"
Django sin cadenas,2012,165,8.5,"['Jamie Foxx', 'Christoph Waltz', 'Leonardo DiCaprio', 'Kerry Washington']"
Luces de la ciudad,1931,87,8.5,"['Charles Chaplin', 'Virginia Cherrill', 'Florence Lee', 'Harry Myers']"
Apocalipsis,1979,147,8.4,"['Martin Sheen', 'Marlon Brando', 'Robert Duvall', 'Frederic Forrest']"
WALL·E,2008,98,8.4,"['Ben Burtt', 'Elissa Knight', 'Jeff Garlin', 'Fred Willard']"
Amnesia,2000,113,8.4,"['Guy Pearce', 'Carrie-Anne Moss', 'Joe Pantoliano', 'Mark Boone Junior']"
Duna: Parte Dos,2024,166,8.5,"['Timothée Chalamet', 'Zendaya', 'Rebecca Ferguson', 'Javier Bardem']"
Los cazadores del arca perdida,1981,115,8.4,"['Harrison Ford', 'Karen Allen', 'Paul Freeman', 'John Rhys-Davies']"
La vida de los otros,2006,137,8.4,"['Ulrich Mühe', 'Martina Gedeck', 'Sebastian Koch', 'Ulrich Tukur']"
Avengers: Infinity War,2018,149,8.4,"['Robert Downey Jr.', 'Chris Hemsworth', 'Mark Ruffalo', 'Chris Evans']"
El ocaso de una vida,1950,110,8.4,"['William Holden', 'Gloria Swanson', 'Erich von Stroheim', 'Nancy Olson']"
Spider-Man: Un nuevo universo,2018,117,8.4,"['Shameik Moore', 'Jake Johnson', 'Hailee Steinfeld', 'Mahershala Ali']"
Testigo de cargo,1957,116,8.4,"['Tyrone Power', 'Marlene Dietrich', 'Charles Laughton', 'Elsa Lanchester']"
Patrulla infernal,1957,88,8.4,"['Kirk Douglas', 'Ralph Meeker', 'Adolphe Menjou', 'George Macready']"
El resplandor,1980,146,8.4,"['Jack Nicholson', 'Shelley Duvall', 'Danny Lloyd', 'Scatman Crothers']"
El gran dictador,1940,125,8.4,"['Charles Chaplin', 'Paulette Goddard', 'Jack Oakie', 'Reginald Gardiner']"
12th Fail,2023,147,8.7,"['Vikrant Massey', 'Medha Shankr', 'Anant Joshi', 'Anshuman Pushkar']"
Bastardos sin gloria,2009,153,8.4,"['Brad Pitt', 'Diane Kruger', 'Eli Roth', 'Mélanie Laurent']"
Alien 2: El regreso,1986,137,8.4,"['Sigourney Weaver', 'Michael Biehn', 'Carrie Henn', 'Paul Reiser']"
Batman: El caballero de la noche asciende,2012,164,8.4,"['Christian Bale', 'Tom Hardy', 'Anne Hathaway', 'Gary Oldman']"
Coco,2017,105,8.4,"['Anthony Gonzalez', 'Gael García Bernal', 'Benjamin Bratt', 'Alanna Ubach']"
Amadeus,1984,160,8.4,"['F. Murray Abraham', 'Tom Hulce', 'Elizabeth Berridge', 'Roy Dotrice']"
Toy Story,1995,81,8.3,"['Tom Hanks', 'Tim Allen', 'Don Rickles', 'Jim Varney']"
Avengers: Endgame,2019,181,8.4,"['Robert Downey Jr.', 'Chris Evans', 'Mark Ruffalo', 'Chris Hemsworth']"
Mente indomable,1997,126,8.3,"['Robin Williams', 'Matt Damon', 'Ben Affleck', 'Stellan Skarsgård']"
Cinco días para vengarse,2003,120,8.3,"['Choi Min-sik', 'Yoo Ji-tae', 'Kang Hye-jeong', 'Kim Byeong-Ok']"
Dr. Insólito,1964,95,8.3,"['Peter Sellers', 'George C. Scott', 'Sterling Hayden', 'Keenan Wynn']"
El submarino,1981,149,8.4,"['Jürgen Prochnow', 'Herbert Grönemeyer', 'Klaus Wennemann', 'Hubertus Bengsch']"
Corazón valiente,1995,178,8.3,"['Mel Gibson', 'Sophie Marceau', 'Patrick McGoohan', 'Angus Macfadyen']"
Cielo e infierno,1963,143,8.4,"['Toshirô Mifune', 'Yutaka Sada', 'Tatsuya Nakadai', 'Kyôko Kagawa']"
Belleza americana,1999,122,8.3,"['Kevin Spacey', 'Annette Bening', 'Thora Birch', 'Wes Bentley']"
La princesa Mononoke,1997,133,8.3,"['Yôji Matsuda', 'Yuriko Ishida', 'Yûko Tanaka', 'Billy Crudup']"
Your Name.,2016,106,8.4,"['Ryûnosuke Kamiki', 'Mone Kamishiraishi', 'Ryo Narita', 'Aoi Yûki']"
3 Idiots,2009,170,8.4,"['Aamir Khan', 'Madhavan', 'Mona Singh', 'Sharman Joshi']"
Guasón,2019,122,8.3,"['Joaquin Phoenix', 'Robert De Niro', 'Zazie Beetz', 'Frances Conroy']"
Cafarnaúm: la ciudad olvidada,2018,126,8.4,"['Zain Al Rafeea', 'Yordanos Shiferaw', 'Boluwatife Treasure Bankole', 'Kawsar Al Haddad']"
Érase una vez en América,1984,229,8.3,"['Robert De Niro', 'James Woods', 'Elizabeth McGovern', 'Treat Williams']"
Cantando bajo la lluvia,1952,103,8.3,"['Gene Kelly', ""Donald O'Connor"", 'Debbie Reynolds', 'Jean Hagen']"
Ven y mira,1985,142,8.3,"['Aleksey Kravchenko', 'Olga Mironova', 'Liubomiras Laucevicius', 'Vladas Bagdonas']"
Réquiem por un sueño,2000,102,8.3,"['Ellen Burstyn', 'Jared Leto', 'Jennifer Connelly', 'Marlon Wayans']"
El regreso del jedi,1983,131,8.3,"['Mark Hamill', 'Harrison Ford', 'Carrie Fisher', 'Billy Dee Williams']"
Toy Story 3,2010,103,8.3,"['Tom Hanks', 'Tim Allen', 'Joan Cusack', 'Ned Beatty']"
La caza,2012,115,8.3,"['Mads Mikkelsen', 'Thomas Bo Larsen', 'Annika Wedderkopp', 'Lasse Fogelstrøm']"
Vivir,1952,143,8.3,"['Takashi Shimura', 'Nobuo Kaneko', ""Shin'ichi Himori"", 'Haruo Tanaka']"
Eterno resplandor de una mente sin recuerdos,2004,108,8.3,"['Jim Carrey', 'Kate Winslet', 'Tom Wilkinson', 'Gerry Robert Byrne']"
La mujer que cantaba,2010,131,8.3,"['Lubna Azabal', 'Mélissa Désormeaux-Poulin', 'Maxim Gaudette', 'Mustafa Kamel']"
2001. Odisea del espacio,1968,149,8.3,"['Keir Dullea', 'Gary Lockwood', 'William Sylvester', 'Daniel Richter']"
Piso de soltero,1960,125,8.3,"['Jack Lemmon', 'Shirley MacLaine', 'Fred MacMurray', 'Ray Walston']"
Perros de reserva,1992,99,8.3,"['Harvey Keitel', 'Tim Roth', 'Michael Madsen', 'Chris Penn']"
Lawrence de Arabia,1962,227,8.3,"[""Peter O'Toole"", 'Alec Guinness', 'Anthony Quinn', 'Jack Hawkins']"
Caracortada,1983,170,8.3,"['Al Pacino', 'Michelle Pfeiffer', 'Steven Bauer', 'Mary Elizabeth Mastrantonio']"
Pacto de sangre,1944,107,8.3,"['Fred MacMurray', 'Barbara Stanwyck', 'Edward G. Robinson', 'Byron Barr']"
Fuego contra fuego,1995,170,8.3,"['Al Pacino', 'Robert De Niro', 'Val Kilmer', 'Jon Voight']"
Intriga Internacional,1959,136,8.3,"['Cary Grant', 'Eva Marie Saint', 'James Mason', 'Jessie Royce Landis']"
Up: Una aventura de altura,2009,96,8.3,"['Edward Asner', 'Jordan Nagai', 'John Ratzenberger', 'Christopher Plummer']"
El Ciudadano Kane,1941,119,8.3,"['Orson Welles', 'Joseph Cotten', 'Dorothy Comingore', 'Agnes Moorehead']"
M el Maldito,1931,117,8.3,"['Peter Lorre', 'Ellen Widmann', 'Inge Landgut', 'Otto Wernicke']"
Cara de guerra,1987,116,8.2,"['Matthew Modine', 'R. Lee Ermey', ""Vincent D'Onofrio"", 'Adam Baldwin']"
Vértigo,1958,128,8.2,"['James Stewart', 'Kim Novak', 'Barbara Bel Geddes', 'Tom Helmore']"
Amélie,2001,122,8.3,"['Audrey Tautou', 'Mathieu Kassovitz', 'Rufus', 'Lorella Cravotta']"
Hababam Sinifi: Sinifta Kaldi,1975,95,8.7,"['Münir Özkul', 'Tarik Akan', 'Kemal Sunal', 'Adile Nasit']"
Like stars on Earth,2007,162,8.3,"['Darsheel Safary', 'Aamir Khan', 'Tisca Chopra', 'Vipin Sharma']"
Una separación,2011,123,8.3,"['Payman Maadi', 'Leila Hatami', 'Sareh Bayat', 'Shahab Hosseini']"
Matar a un Ruiseñor,1962,129,8.3,"['Gregory Peck', 'John Megna', 'Frank Overton', 'Rosemary Murphy']"
Duro de matar,1988,132,8.2,"['Bruce Willis', 'Alan Rickman', 'Bonnie Bedelia', 'Reginald VelJohnson']"
Naranja mecánica,1971,136,8.2,"['Malcolm McDowell', 'Patrick Magee', 'Michael Bates', 'Warren Clarke']"
Indiana Jones y la última cruzada,1989,127,8.2,"['Harrison Ford', 'Sean Connery', 'Alison Doody', 'Denholm Elliott']"
El golpe,1973,129,8.2,"['Paul Newman', 'Robert Redford', 'Robert Shaw', 'Charles Durning']"
Oppenheimer,2023,180,8.3,"['Cillian Murphy', 'Emily Blunt', 'Matt Damon', 'Robert Downey Jr.']"
Metrópolis,1927,153,8.3,"['Brigitte Helm', 'Alfred Abel', 'Gustav Fröhlich', 'Rudolf Klein-Rogge']"
Snatch. Cerdos y diamantes,2000,104,8.2,"['Jason Statham', 'Brad Pitt', 'Stephen Graham', 'Vinnie Jones']"
1917,2019,119,8.2,"['Dean-Charles Chapman', 'George MacKay', 'Daniel Mays', 'Colin Firth']"
Los Ángeles al desnudo,1997,138,8.2,"['Kevin Spacey', 'Russell Crowe', 'Guy Pearce', 'Kim Basinger']"
Ladrones de bicicletas,1948,89,8.2,"['Lamberto Maggiorani', 'Enzo Staiola', 'Lianella Carell', 'Elena Altieri']"
La caída,2004,156,8.2,"['Bruno Ganz', 'Alexandra Maria Lara', 'Ulrich Matthes', 'Juliane Köhler']"
Dangal,2016,161,8.3,"['Aamir Khan', 'Sakshi Tanwar', 'Fatima Sana Shaikh', 'Sanya Malhotra']"
El lobo de Wall Street,2013,180,8.2,"['Leonardo DiCaprio', 'Jonah Hill', 'Margot Robbie', 'Matthew McConaughey']"
Hamilton,2020,160,8.3,"['Lin-Manuel Miranda', 'Phillipa Soo', 'Leslie Odom Jr.', 'Renée Elise Goldsberry']"
Taxi Driver,1976,114,8.2,"['Robert De Niro', 'Jodie Foster', 'Cybill Shepherd', 'Albert Brooks']"
Green Book. Una amistad sin fronteras,2018,130,8.2,"['Viggo Mortensen', 'Mahershala Ali', 'Linda Cardellini', 'Sebastian Maniscalco']"
Batman inicia,2005,140,8.2,"['Christian Bale', 'Michael Caine', 'Ken Watanabe', 'Liam Neeson']"
The Truman Show. Historia de una vida,1998,103,8.2,"['Jim Carrey', 'Ed Harris', 'Laura Linney', 'Noah Emmerich']"
Por unos dólares más,1965,132,8.2,"['Clint Eastwood', 'Lee Van Cleef', 'Gian Maria Volontè', 'Mara Krupp']"
Juicio en Nuremberg,1961,179,8.3,"['Spencer Tracy', 'Burt Lancaster', 'Richard Widmark', 'Marlene Dietrich']"
Una Eva y dos Adanes,1959,121,8.2,"['Marilyn Monroe', 'Tony Curtis', 'Jack Lemmon', 'George Raft']"
La isla siniestra,2010,138,8.2,"['Leonardo DiCaprio', 'Emily Mortimer', 'Mark Ruffalo', 'Ben Kingsley']"
El chico,1921,68,8.2,"['Charles Chaplin', 'Edna Purviance', 'Jackie Coogan', 'Carl Miller']"
El padre,2020,97,8.2,"['Anthony Hopkins', 'Olivia Colman', 'Mark Gatiss', 'Olivia Williams']"
Parque jurásico,1993,127,8.2,"['Sam Neill', 'Laura Dern', 'Jeff Goldblum', 'Richard Attenborough']"
La malvada,1950,138,8.2,"['Bette Davis', 'Anne Baxter', 'George Sanders', 'Celeste Holm']"
Petróleo sangriento,2007,158,8.2,"['Daniel Day-Lewis', 'Paul Dano', 'Ciarán Hinds', 'Martin Stringer']"
El sexto sentido,1999,107,8.2,"['Bruce Willis', 'Haley Joel Osment', 'Toni Collette', 'Olivia Williams']"
Ran,1985,160,8.2,"['Tatsuya Nakadai', 'Akira Terao', 'Jinpachi Nezu', 'Daisuke Ryû']"
Casino,1995,178,8.2,"['Robert De Niro', 'Sharon Stone', 'Joe Pesci', 'James Woods']"
Top Gun: Maverick,2022,130,8.2,"['Tom Cruise', 'Jennifer Connelly', 'Miles Teller', 'Val Kilmer']"
Sin lugar para los débiles,2007,122,8.2,"['Tommy Lee Jones', 'Javier Bardem', 'Josh Brolin', 'Woody Harrelson']"
La cosa del otro mundo,1982,109,8.2,"['Kurt Russell', 'Wilford Brimley', 'Keith David', 'Richard Masur']"
Los imperdonables,1992,130,8.2,"['Clint Eastwood', 'Gene Hackman', 'Morgan Freeman', 'Richard Harris']"
El laberinto del fauno,2006,118,8.2,"['Ivana Baquero', 'Ariadna Gil', 'Sergi López', 'Maribel Verdú']"
Kill Bill. La venganza (volumen 1),2003,111,8.2,"['Uma Thurman', 'David Carradine', 'Daryl Hannah', 'Michael Madsen']"
Una mente brillante,2001,135,8.2,"['Russell Crowe', 'Ed Harris', 'Jennifer Connelly', 'Christopher Plummer']"
Intriga,2013,153,8.2,"['Hugh Jackman', 'Jake Gyllenhaal', 'Viola Davis', 'Melissa Leo']"
El tesoro de la Sierra Madre,1948,126,8.2,"['Humphrey Bogart', 'Walter Huston', 'Tim Holt', 'Bruce Bennett']"
Yojimbo,1961,110,8.2,"['Toshirô Mifune', 'Eijirô Tôno', 'Tatsuya Nakadai', 'Yôko Tsukasa']"
Buscando a Nemo,2003,100,8.2,"['Albert Brooks', 'Ellen DeGeneres', 'Alexander Gould', 'Willem Dafoe']"
El increíble castillo vagabundo,2004,119,8.2,"['Chieko Baishô', 'Takuya Kimura', 'Tatsuya Gashûin', 'Akihiro Miwa']"
El gran escape,1963,172,8.2,"['Steve McQueen', 'James Garner', 'Richard Attenborough', 'Charles Bronson']"
Monty Python y el santo grial,1975,91,8.2,"['Graham Chapman', 'John Cleese', 'Eric Idle', 'Terry Gilliam']"
El hombre elefante,1980,124,8.2,"['Anthony Hopkins', 'John Hurt', 'Anne Bancroft', 'John Gielgud']"
Con M de Muerte,1954,105,8.2,"['Ray Milland', 'Grace Kelly', 'Robert Cummings', 'John Williams']"
Klaus,2019,96,8.2,"['Jason Schwartzman', 'J.K. Simmons', 'Rashida Jones', 'Will Sasso']"
Lo que el viento se llevó,1939,238,8.2,"['Clark Gable', 'Vivien Leigh', 'Thomas Mitchell', ""Barbara O'Neil""]"
Barrio Chino,1974,130,8.1,"['Jack Nicholson', 'Faye Dunaway', 'John Huston', 'Perry Lopez']"
El secreto de sus ojos,2009,129,8.2,"['Ricardo Darín', 'Soledad Villamil', 'Pablo Rago', 'Carla Quevedo']"
"Juegos, trampas y dos pistolas humeantes",1998,107,8.1,"['Jason Flemyng', 'Dexter Fletcher', 'Nick Moran', 'Jason Statham']"
Rashomon,1950,88,8.2,"['Toshirô Mifune', 'Machiko Kyô', 'Masayuki Mori', 'Takashi Shimura']"
V de venganza,2005,132,8.1,"['Hugo Weaving', 'Natalie Portman', 'Rupert Graves', 'Stephen Rea']"
Intensa mente,2015,95,8.1,"['Amy Poehler', 'Bill Hader', 'Lewis Black', 'Mindy Kaling']"
Tres anuncios por un crimen,2017,115,8.1,"['Frances McDormand', 'Woody Harrelson', 'Sam Rockwell', 'Caleb Landry Jones']"
Atrápame si puedes,2002,141,8.1,"['Leonardo DiCaprio', 'Tom Hanks', 'Christopher Walken', 'Martin Sheen']"
Trainspotting: La vida en el abismo,1996,93,8.1,"['Ewan McGregor', 'Ewen Bremner', 'Jonny Lee Miller', 'Kevin McKidd']"
El puente sobre el río Kwai,1957,161,8.1,"['William Holden', 'Alec Guinness', 'Jack Hawkins', 'Sessue Hayakawa']"
El toro salvaje,1980,129,8.1,"['Robert De Niro', 'Cathy Moriarty', 'Joe Pesci', 'Frank Vincent']"
Robot Salvaje,2024,102,8.2,"[""Lupita Nyong'o"", 'Pedro Pascal', 'Kit Connor', 'Bill Nighy']"
Fargo. Secuestro voluntario,1996,98,8.1,"['William H. Macy', 'Frances McDormand', 'Steve Buscemi', 'Peter Stormare']"
Harry Potter y las reliquias de la muerte (parte 2),2011,130,8.1,"['Daniel Radcliffe', 'Emma Watson', 'Rupert Grint', 'Michael Gambon']"
La última pelea,2011,140,8.1,"['Tom Hardy', 'Nick Nolte', 'Joel Edgerton', 'Jennifer Morrison']"
Gran Torino,2008,116,8.1,"['Clint Eastwood', 'Bee Vang', 'Christopher Carley', 'Ahney Her']"
Golpes del destino,2004,132,8.1,"['Hilary Swank', 'Clint Eastwood', 'Morgan Freeman', 'Jay Baruchel']"
Ben-Hur,1959,212,8.1,"['Charlton Heston', 'Jack Hawkins', 'Stephen Boyd', 'Haya Harareet']"
Mad Max: Furia en el camino,2015,120,8.1,"['Tom Hardy', 'Charlize Theron', 'Nicholas Hoult', 'Zoë Kravitz']"
Mi vecino Totoro,1988,86,8.1,"['Hitoshi Takagi', 'Noriko Hidaka', 'Chika Sakamoto', 'Shigesato Itoi']"
La sociedad de los poetas muertos,1989,128,8.1,"['Robin Williams', 'Robert Sean Leonard', 'Ethan Hawke', 'Josh Charles']"
Barry Lyndon,1975,185,8.1,"[""Ryan O'Neal"", 'Marisa Berenson', 'Patrick Magee', 'Hardy Krüger']"
Los niños del cielo,1997,89,8.2,"['Reza Naji', 'Amir Farrokh Hashemian', 'Bahare Seddiqi', 'Nafise Jafar-Mohammadi']"
Spider-Man: Sin Camino A Casa,2021,148,8.2,"['Tom Holland', 'Zendaya', 'Benedict Cumberbatch', 'Jacob Batalon']"
Hasta el último hombre,2016,139,8.1,"['Andrew Garfield', 'Sam Worthington', 'Luke Bracey', 'Teresa Palmer']"
El gran hotel Budapest,2014,99,8.1,"['Ralph Fiennes', 'F. Murray Abraham', 'Mathieu Amalric', 'Adrien Brody']"
12 años esclavo,2013,134,8.1,"['Chiwetel Ejiofor', 'Michael Kenneth Williams', 'Michael Fassbender', 'Brad Pitt']"
Antes del amanecer,1995,101,8.1,"['Ethan Hawke', 'Julie Delpy', 'Andrea Eckert', 'Hanno Pöschl']"
Blade Runner,1982,117,8.1,"['Harrison Ford', 'Rutger Hauer', 'Sean Young', 'Edward James Olmos']"
Salinui chueok,2003,131,8.1,"['Song Kang-ho', 'Kim Sang-kyung', 'Kim Roe-ha', 'Song Jae-ho']"
Perdida,2014,149,8.1,"['Ben Affleck', 'Rosamund Pike', 'Neil Patrick Harris', 'Tyler Perry']"
Ratatouille,2007,111,8.1,"['Brad Garrett', 'Lou Romano', 'Patton Oswalt', 'Ian Holm']"
Cómo entrenar a tu dragón,2010,98,8.1,"['Jay Baruchel', 'Gerard Butler', 'Christopher Mintz-Plasse', 'Craig Ferguson']"
"Monsters, Inc.",2001,92,8.1,"['Billy Crystal', 'John Goodman', 'Mary Gibbs', 'Steve Buscemi']"
En el nombre del padre,1993,133,8.1,"['Daniel Day-Lewis', 'Pete Postlethwaite', 'Alison Crosbie', 'Philip King']"
Relatos salvajes,2014,122,8.1,"['Darío Grandinetti', 'María Marull', 'Mónica Villa', 'Diego Starosta']"
Tiburón,1975,124,8.1,"['Roy Scheider', 'Robert Shaw', 'Richard Dreyfuss', 'Lorraine Gary']"
La quimera del oro,1925,95,8.1,"['Charles Chaplin', 'Mack Swain', 'Tom Murray', 'Henry Bergman']"
Sherlock Jr.,1924,45,8.2,"['Buster Keaton', 'Kathryn McGuire', 'Joe Keaton', 'Erwin Connelly']"
Contra lo imposible,2019,152,8.1,"['Matt Damon', 'Christian Bale', 'Jon Bernthal', 'Caitríona Balfe']"
Mary and Max,2009,92,8.1,"['Toni Collette', 'Philip Seymour Hoffman', 'Eric Bana', 'Barry Humphries']"
El francotirador,1978,183,8.1,"['Robert De Niro', 'Christopher Walken', 'John Cazale', 'John Savage']"
El salario del miedo,1953,156,8.1,"['Yves Montand', 'Charles Vanel', 'Peter van Eyck', 'Folco Lulli']"
La General,1926,78,8.1,"['Buster Keaton', 'Marion Mack', 'Glen Cavender', 'Jim Farley']"
Caballero sin espada,1939,129,8.1,"['James Stewart', 'Jean Arthur', 'Claude Rains', 'Edward Arnold']"
Nido de ratas,1954,108,8.1,"['Marlon Brando', 'Karl Malden', 'Lee J. Cobb', 'Rod Steiger']"
Logan. Wolverine,2017,137,8.1,"['Hugh Jackman', 'Patrick Stewart', 'Dafne Keen', 'Boyd Holbrook']"
Fresas silvestres,1957,92,8.1,"['Victor Sjöström', 'Bibi Andersson', 'Ingrid Thulin', 'Gunnar Björnstrand']"
Rocky,1976,120,8.1,"['Sylvester Stallone', 'Talia Shire', 'Burt Young', 'Carl Weathers']"
El tercer hombre,1949,104,8.1,"['Orson Welles', 'Joseph Cotten', 'Alida Valli', 'Trevor Howard']"
Cuentos de Tokio,1953,137,8.1,"['Chishû Ryû', 'Chieko Higashiyama', 'Sô Yamamura', 'Setsuko Hara']"
En primera plana,2015,129,8.1,"['Mark Ruffalo', 'Michael Keaton', 'Rachel McAdams', 'Liev Schreiber']"
El gran Lebowski: Identidad peligrosa,1998,117,8.1,"['Jeff Bridges', 'John Goodman', 'Julianne Moore', 'Steve Buscemi']"
Terminator,1984,107,8.1,"['Arnold Schwarzenegger', 'Linda Hamilton', 'Michael Biehn', 'Paul Winfield']"
Piratas del Caribe: La maldición de la Perla Negra,2003,143,8.1,"['Johnny Depp', 'Geoffrey Rush', 'Orlando Bloom', 'Keira Knightley']"
Maharaja,2024,141,8.4,"['Vijay Sethupathi', 'Anurag Kashyap', 'Mamta Mohandas', 'Natarajan Subramaniam']"
El séptimo sello,1957,96,8.1,"['Max von Sydow', 'Gunnar Björnstrand', 'Bengt Ekerot', 'Nils Poppe']"
El odio,1995,98,8.1,"['Vincent Cassel', 'Hubert Koundé', 'Saïd Taghmaoui', 'Abdel Ahmed Ghili']"
La Habitacion,2015,118,8.1,"['Brie Larson', 'Jacob Tremblay', 'Sean Bridgers', 'Wendy Crewson']"
Jai Bhim,2021,164,8.6,"['Suriya', 'Lijo Mol Jose', 'Manikandan K.', 'Rajisha Vijayan']"
Hotel Ruanda,2004,121,8.1,"['Don Cheadle', 'Sophie Okonedo', 'Joaquin Phoenix', 'Xolani Mali']"
Pelotón,1986,120,8.1,"['Charlie Sheen', 'Tom Berenger', 'Willem Dafoe', 'Keith David']"
Los mejores años de nuestras vidas,1946,170,8.1,"['Myrna Loy', 'Dana Andrews', 'Fredric March', 'Teresa Wright']"
Antes del atardecer,2004,80,8.1,"['Ethan Hawke', 'Julie Delpy', 'Vernon Dobtcheff', 'Louise Lemoine Torrès']"
El exorcista,1973,122,8.1,"['Ellen Burstyn', 'Max von Sydow', 'Linda Blair', 'Lee J. Cobb']"
La novicia rebelde,1965,172,8.1,"['Julie Andrews', 'Christopher Plummer', 'Eleanor Parker', 'Richard Haydn']"
Los Increíbles,2004,115,8,"['Craig T. Nelson', 'Samuel L. Jackson', 'Holly Hunter', 'Jason Lee']"
El mago de Oz,1939,102,8.1,"['Judy Garland', 'Frank Morgan', 'Ray Bolger', 'Bert Lahr']"
Siempre a tu lado,2009,93,8.1,"['Richard Gere', 'Joan Allen', 'Cary-Hiroyuki Tagawa', 'Sarah Roemer']"
La pasión de Juana de Arco,1928,110,8.1,"['Maria Falconetti', 'Eugene Silvain', 'André Berley', 'Maurice Schutz']"
Rush: Pasión y gloria,2013,123,8.1,"['Daniel Brühl', 'Chris Hemsworth', 'Olivia Wilde', 'Alexandra Maria Lara']"
Cuenta conmigo,1986,89,8.1,"['Wil Wheaton', 'River Phoenix', 'Corey Feldman', ""Jerry O'Connell""]"
Mi padre y mi hijo,2005,112,8.2,"['Çetin Tekindor', 'Fikret Kuskan', 'Hümeyra', 'Ege Tanman']"
El gigante de hierro,1999,86,8.1,"['Eli Marienthal', 'Harry Connick Jr.', 'Jennifer Aniston', 'Vin Diesel']"
Una voz silenciosa: Koe No Katachi,2016,130,8.1,"['Miyu Irino', 'Saori Hayami', 'Aoi Yûki', 'Kenshô Ono']"
Poder que mata,1976,121,8.1,"['Faye Dunaway', 'William Holden', 'Peter Finch', 'Robert Duvall']"
The Handmaiden,2016,145,8.1,"['Kim Min-hee', 'Ha Jung-woo', 'Cho Jin-woong', 'Moon So-ri']"
La batalla de Argel,1966,121,8.1,"['Brahim Hadjadj', 'Jean Martin', 'Yacef Saadi', 'Samia Kerbash']"
Ser o no ser,1942,99,8.1,"['Carole Lombard', 'Jack Benny', 'Robert Stack', 'Felix Bressart']"
Las viñas de la ira,1940,129,8.1,"['Henry Fonda', 'Jane Darwell', 'John Carradine', 'Charley Grapewin']"
Camino salvaje,2007,148,8,"['Emile Hirsch', 'Vince Vaughn', 'Catherine Keener', 'Marcia Gay Harden']"
Hechizo del tiempo,1993,101,8,"['Bill Murray', 'Andie MacDowell', 'Chris Elliott', 'Stephen Tobolowsky']"
Historias cruzadas,2011,146,8.1,"['Viola Davis', 'Emma Stone', 'Octavia Spencer', 'Bryce Dallas Howard']"
Gangs of Wasseypur,2012,321,8.2,"['Manoj Bajpayee', 'Nawazuddin Siddiqui', 'Tigmanshu Dhulia', 'Richa Chadha']"
Drishyam,2015,163,8.2,"['Ajay Devgn', 'Shriya Saran', 'Tabu', 'Rajat Kapoor']"
Las novias perdidas,2023,122,8.3,"['Nitanshi Goel', 'Pratibha Ranta', 'Sparsh Shrivastava', 'Chhaya Kadam']"
Andhadhun,2018,139,8.2,"['Ayushmann Khurrana', 'Tabu', 'Radhika Apte', 'Anil Dhawan']"
